{"cameraMode":{"drawMode":0,"name":"Shaded","section":"Shading Mode"},"sceneLighting":true,"audioPlay":false,"sceneViewState":{"m_AlwaysRefresh":false,"showFog":true,"showSkybox":true,"showFlares":true,"showImageEffects":true,"showParticleSystems":true,"showVisualEffectGraphs":true,"m_FxEnabled":true},"in2DMode":false,"pivot":{"x":4.225693225860596,"y":3.3833863735198976,"z":4.902013778686523},"rotation":{"x":0.0044624945148825649,"y":0.9892091751098633,"z":-0.1513434201478958,"w":0.030506812036037446},"size":1.452614426612854,"orthographic":false}