{"cameraMode":{"drawMode":0,"name":"Shaded","section":"Shading Mode"},"sceneLighting":true,"audioPlay":false,"sceneViewState":{"m_AlwaysRefresh":false,"showFog":true,"showSkybox":true,"showFlares":true,"showImageEffects":true,"showParticleSystems":true,"showVisualEffectGraphs":true,"m_FxEnabled":true},"in2DMode":false,"pivot":{"x":2.0247459411621095,"y":11.597349166870118,"z":21.40611457824707},"rotation":{"x":-0.02568976767361164,"y":-0.6975731253623962,"z":0.011721105314791203,"w":-0.7171398401260376},"size":9.064957618713379,"orthographic":false}