{"cameraMode":{"drawMode":0,"name":"Shaded","section":"Shading Mode"},"sceneLighting":true,"audioPlay":false,"sceneViewState":{"m_AlwaysRefresh":false,"showFog":true,"showSkybox":true,"showFlares":true,"showImageEffects":true,"showParticleSystems":true,"showVisualEffectGraphs":true,"m_FxEnabled":true},"in2DMode":false,"pivot":{"x":26.532861709594728,"y":12.588644027709961,"z":42.9051399230957},"rotation":{"x":-0.13543888926506043,"y":0.8623117208480835,"z":-0.30227142572402956,"w":-0.38379889726638796},"size":0.7898368239402771,"orthographic":false}