{"cameraMode":{"drawMode":0,"name":"Shaded","section":"Shading Mode"},"sceneLighting":true,"audioPlay":false,"sceneViewState":{"m_AlwaysRefresh":false,"showFog":true,"showSkybox":true,"showFlares":true,"showImageEffects":true,"showParticleSystems":true,"showVisualEffectGraphs":true,"m_FxEnabled":true},"in2DMode":false,"pivot":{"x":-15.800453186035157,"y":-19.52922248840332,"z":23.533180236816408},"rotation":{"x":-0.32519087195396426,"y":0.6478193998336792,"z":-0.35910189151763918,"w":-0.5886644721031189},"size":16.562482833862306,"orthographic":false}