{"cameraMode":{"drawMode":0,"name":"Shaded","section":"Shading Mode"},"sceneLighting":true,"audioPlay":false,"sceneViewState":{"m_AlwaysRefresh":false,"showFog":true,"showSkybox":true,"showFlares":true,"showImageEffects":true,"showParticleSystems":true,"showVisualEffectGraphs":true,"m_FxEnabled":true},"in2DMode":false,"pivot":{"x":-34.81673812866211,"y":7.809174060821533,"z":-105.68156433105469},"rotation":{"x":0.2855539917945862,"y":-0.012900936417281628,"z":0.003575314301997423,"w":0.9586349725723267},"size":4.282040119171143,"orthographic":false}