{"cameraMode":{"drawMode":0,"name":"Shaded","section":"Shading Mode"},"sceneLighting":true,"audioPlay":false,"sceneViewState":{"m_AlwaysRefresh":false,"showFog":true,"showSkybox":true,"showFlares":true,"showImageEffects":true,"showParticleSystems":true,"showVisualEffectGraphs":true,"m_FxEnabled":true},"in2DMode":false,"pivot":{"x":-32.62508010864258,"y":16.962139129638673,"z":8.323863983154297},"rotation":{"x":0.31276974081993105,"y":0.022383341565728189,"z":-0.010034526698291302,"w":0.950351357460022},"size":4.132056713104248,"orthographic":false}