{"cameraMode":{"drawMode":0,"name":"Shaded","section":"Shading Mode"},"sceneLighting":true,"audioPlay":false,"sceneViewState":{"m_AlwaysRefresh":false,"showFog":true,"showSkybox":true,"showFlares":true,"showImageEffects":true,"showParticleSystems":true,"showVisualEffectGraphs":true,"m_FxEnabled":true},"in2DMode":false,"pivot":{"x":-1.5900905132293702,"y":-9.886750221252442,"z":7.129247665405273},"rotation":{"x":-0.31428325176239016,"y":0.024771349504590036,"z":-0.008200152777135373,"w":-0.9489843249320984},"size":10.83206558227539,"orthographic":false}